<?xml version="1.0" encoding="UTF-8"?>
<beans xmlns="http://www.springframework.org/schema/beans"
	xmlns:xsi="http://www.w3.org/2001/XMLSchema-instance" xmlns:mvc="http://www.springframework.org/schema/mvc"
	xmlns:context="http://www.springframework.org/schema/context"
	xsi:schemaLocation="
http://www.springframework.org/schema/beans http://www.springframework.org/schema/beans/spring-beans-4.0.xsd
http://www.springframework.org/schema/context http://www.springframework.org/schema/context/spring-context-4.0.xsd
http://www.springframework.org/schema/mvc http://www.springframework.org/schema/mvc/spring-mvc-4.0.xsd">

	<!-- Deklaracja pakietów kontrolerów: -->
	<context:component-scan base-package="pl.rafalpieniazek.shop.*"
		scoped-proxy="targetClass" />

	<mvc:annotation-driven
		ignore-default-model-on-redirect="true" />

	<mvc:default-servlet-handler />


	<bean
		class="org.springframework.web.servlet.mvc.annotation.AnnotationMethodHandlerAdapter">
		<property name="webBindingInitializer">
			<bean
				class="org.springframework.web.bind.support.ConfigurableWebBindingInitializer" />
		</property>
	</bean>
 
	
	<bean id="viewResolver"
    	class="org.springframework.web.servlet.view.InternalResourceViewResolver" >
        <property name="prefix" value="/pages/" />
      <property name="suffix" value=".jsp" />
    </bean>
	
	
	<!-- Thymeleaf konfiguracja resolverów: -->
	<!-- <bean id="templateResolver"
		class="org.thymeleaf.templateresolver.ServletContextTemplateResolver">
		<property name="prefix" value="/pages/" /> 
		<property name="suffix" value=".html" />
		<property name="templateMode" value="HTML5" />
		<property name="characterEncoding" value="UTF-8" />
		<property name="cacheable" value="false" />
	</bean>

	<bean class="org.thymeleaf.spring4.view.ThymeleafViewResolver">
		<property name="templateEngine" ref="templateEngine" />
		<property name="characterEncoding" value="UTF-8" />
		<property name="contentType" value="text/html; charset=UTF-8" />
	</bean>

	<bean id="templateEngine" class="org.thymeleaf.spring4.SpringTemplateEngine">
		<property name="templateResolver" ref="templateResolver" />
		<property name="additionalDialects">
			<set>
				<bean class="nz.net.ultraq.thymeleaf.LayoutDialect" />
			</set>
		</property>
	</bean>
 -->


</beans>
